<?xml version="1.0" encoding="UTF-8"?>
<project-private xmlns="http://www.netbeans.org/ns/project-private/1">
    <editor-bookmarks xmlns="http://www.netbeans.org/ns/editor-bookmarks/2" lastBookmarkId="0"/>
    <open-files xmlns="http://www.netbeans.org/ns/projectui-open-files/2">
        <group>
            <file>file:/home/acer/NetBeansProjects/Trabalho1/src/classes/GeradorLog.java</file>
            <file>file:/home/acer/NetBeansProjects/Trabalho1/src/classes/Microondas.java</file>
            <file>file:/home/acer/NetBeansProjects/Trabalho1/src/principal/Principal.java</file>
        </group>
    </open-files>
</project-private>
